A	R	N	D	C	Q	E	G	H	I	L	K	M	F	P	S	T	W	Y	V
0.9867	0.0002	0.0009	0.0010	0.0003	0.0008	0.0017	0.0021	0.0002	0.0006	0.0004	0.0002	0.0006	0.0002	0.0022	0.0035	0.0032	0.0000	0.0002	0.0018
0.0001	0.9913	0.0001	0.0000	0.0001	0.0010	0.0000	0.0000	0.0010	0.0003	0.0001	0.0019	0.0004	0.0001	0.0004	0.0006	0.0001	0.0008	0.0000	0.0001
0.0004	0.0001	0.9822	0.0036	0.0000	0.0004	0.0006	0.0006	0.0021	0.0003	0.0001	0.0013	0.0000	0.0001	0.0002	0.0020	0.0009	0.0001	0.0004	0.0001
0.0006	0.0000	0.0042	0.9859	0.0000	0.0006	0.0053	0.0006	0.0004	0.0001	0.0000	0.0003	0.0000	0.0000	0.0001	0.0005	0.0003	0.0000	0.0000	0.0001
0.0001	0.0001	0.0000	0.0000	0.9973	0.0000	0.0000	0.0000	0.0001	0.0001	0.0000	0.0000	0.0000	0.0000	0.0001	0.0005	0.0001	0.0000	0.0003	0.0002
0.0003	0.0009	0.0004	0.0005	0.0000	0.9876	0.0027	0.0001	0.0023	0.0001	0.0003	0.0006	0.0004	0.0000	0.0006	0.0002	0.0002	0.0000	0.0000	0.0001
0.0010	0.0000	0.0007	0.0056	0.0000	0.0035	0.9865	0.0004	0.0002	0.0003	0.0001	0.0004	0.0001	0.0000	0.0003	0.0004	0.0002	0.0000	0.0001	0.0002
0.0021	0.0001	0.0012	0.0011	0.0001	0.0003	0.0007	0.9935	0.0001	0.0000	0.0001	0.0002	0.0001	0.0001	0.0003	0.0021	0.0003	0.0000	0.0000	0.0005
0.0001	0.0008	0.0018	0.0003	0.0001	0.0020	0.0001	0.0000	0.9912	0.0000	0.0001	0.0001	0.0000	0.0002	0.0003	0.0001	0.0001	0.0001	0.0004	0.0001
0.0002	0.0002	0.0003	0.0001	0.0002	0.0001	0.0002	0.0000	0.0000	0.9872	0.0009	0.0002	0.0012	0.0007	0.0000	0.0001	0.0007	0.0000	0.0001	0.0033
0.0003	0.0001	0.0003	0.0000	0.0000	0.0006	0.0001	0.0001	0.0004	0.0022	0.9947	0.0002	0.0045	0.0013	0.0003	0.0001	0.0003	0.0004	0.0002	0.0015
0.0002	0.0037	0.0025	0.0006	0.0000	0.0012	0.0007	0.0002	0.0002	0.0004	0.0001	0.9926	0.0020	0.0000	0.0003	0.0008	0.0011	0.0000	0.0001	0.0001
0.0001	0.0001	0.0000	0.0000	0.0000	0.0002	0.0000	0.0000	0.0000	0.0005	0.0008	0.0004	0.9874	0.0001	0.0000	0.0001	0.0002	0.0000	0.0000	0.0004
0.0001	0.0001	0.0001	0.0000	0.0000	0.0000	0.0000	0.0001	0.0002	0.0008	0.0006	0.0000	0.0004	0.9946	0.0000	0.0002	0.0001	0.0003	0.0028	0.0000
0.0013	0.0005	0.0002	0.0001	0.0001	0.0008	0.0003	0.0002	0.0005	0.0001	0.0002	0.0002	0.0001	0.0001	0.9926	0.0012	0.0004	0.0000	0.0000	0.0002
0.0028	0.0011	0.0034	0.0007	0.0011	0.0004	0.0006	0.0016	0.0002	0.0002	0.0001	0.0007	0.0004	0.0003	0.0017	0.9840	0.0038	0.0005	0.0002	0.0002
0.0022	0.0002	0.0013	0.0004	0.0001	0.0003	0.0002	0.0002	0.0001	0.0011	0.0002	0.0008	0.0006	0.0001	0.0005	0.0032	0.9871	0.0000	0.0002	0.0009
0.0000	0.0002	0.0000	0.0000	0.0000	0.0000	0.0000	0.0000	0.0000	0.0000	0.0000	0.0000	0.0000	0.0001	0.0000	0.0001	0.0000	0.9976	0.0001	0.0000
0.0001	0.0000	0.0003	0.0000	0.0003	0.0000	0.0001	0.0000	0.0004	0.0001	0.0001	0.0000	0.0000	0.0021	0.0000	0.0001	0.0001	0.0002	0.9945	0.0001
0.0013	0.0002	0.0001	0.0001	0.0003	0.0002	0.0002	0.0003	0.0003	0.0057	0.0011	0.0001	0.0017	0.0001	0.0003	0.0002	0.0010	0.0000	0.0002	0.9901
